path,bytes,sha256,matches_hf
README.md,2171,bf5e47cdd03686dad0688d8470709c72f5d72cbc6c2382e85f6331e57d6abbb7,True
dataset_metadata.csv,121112,849b04f3284d44147d88bdf474d5844831bad6726220b6910fc1599d7417ff62,True
test/PERMANENTWATERJRC/EMSR264_08VATOMANDRY_DEL_v2.tif,136950,d76ffafd5b577572245006bf474153a5e96bb67303723bc70c8e14e80f6baccc,True
test/PERMANENTWATERJRC/EMSR264_18MIANDRIVAZODETAIL_DEL_v2.tif,44801,905eeed276d3d2a76a8bba459457eac3d530ad9ace5f85cd197444241057ee4d,True
test/PERMANENTWATERJRC/EMSR273_01GRILE_DEL_MONIT04_v2.tif,8468,ab0880fcd5b62096d1f13a0a75bc29f60773a9bc79129d24c4ff72164d8b9386,True
test/PERMANENTWATERJRC/EMSR286_08ITUANGONORTH_DEL_MONIT02_v1.tif,27786,48d532f66a6e2c9846a09669118aade21cdba6afa625de293a1df3a7c533ed1b,True
test/PERMANENTWATERJRC/EMSR286_09ITUANGOSOUTH_DEL_MONIT02_v1.tif,29373,465a91098cb05a3e150bd8e01c743a49261c3bfe4bbbe22242b60526b2a6d137,True
test/PERMANENTWATERJRC/EMSR333_01RATTALORO_DEL_MONIT01_v1.tif,12982,0ddc26ddadeda34e2949c557d3c62f2e5c0ee8aa1098b72c9799622b7601d231,True
test/PERMANENTWATERJRC/EMSR333_02PORTOPALO_DEL_MONIT01_v1.tif,6857,0bb0805a27335fe565726e106b9b80b71f8b0fbae113d151088540c0d7673d1f,True
test/PERMANENTWATERJRC/EMSR342_06NORTHNORMANTON_DEL_v1.tif,557918,fcea2b57da57d9b56e0e5ea3c05d6bd77247d5909a0c9657094f3a8ff673b29b,True
test/PERMANENTWATERJRC/EMSR342_07SOUTHNORMANTON_DEL_MONIT03_v2.tif,283756,7240635fe5a34ccc6dd741b222c114095be5072555e1fea3cb3073654e1cd9b0,True
test/PERMANENTWATERJRC/EMSR347_06MWANZA_DEL_v1.tif,133499,4bf51927a696fd5223d924710e818ad61434b384c27db556a75005ced9a43341,True
test/PERMANENTWATERJRC/EMSR347_07ZOMBA_DEL_MONIT01_v1.tif,369788,2678105395d5f02ee492fce948e79cebbae034da0d2788407b52fe81ff770986,True
test/PERMANENTWATERJRC/EMSR347_07ZOMBA_DEL_v2.tif,369788,2678105395d5f02ee492fce948e79cebbae034da0d2788407b52fe81ff770986,True
test/PERMANENTWATERJRC/EMSR419_AOI01_DEL_MONIT01.tif,37874,329467536b33f6db625d844248b04d4c242519ee1e11c54915cdd08d3ec91f3b,True
test/PERMANENTWATERJRC/EMSR422_AOI06_DEL_PRODUCT.tif,51229,795deda416ec23635f378e6c84d360cd6354bcb8ae5effe7d33a85e2dae87597,True
test/PERMANENTWATERJRC/EMSR438_AOI02_DEL_MONIT03.tif,144494,10d9e857363e3b3daa5785a6da6a734cfe250ed6189b3d51f3dd67ea43fbc8f3,True
test/PERMANENTWATERJRC/EMSR438_AOI06_DEL_PRODUCT.tif,11685,b0c28f1a746e77ae291c9fd67c41af1286846dbf447cdffcce08bc50331777fe,True
test/PERMANENTWATERJRC/EMSR466_AOI01_DEL_PRODUCT.tif,23854,566879cb2daaf8119a5f3ff868fc1a43f66b1ef48c273d28eb296bf1dd5ba62b,True
test/PERMANENTWATERJRC/EMSR9284_01YLITORNIONORTHERN_DEL_MONIT01_v1.tif,42070,0f50c2d8c611ac47121b1879504da84a81c4d5b8dbb132ac5146911241dccea9,True
test/S2/EMSR264_08VATOMANDRY_DEL_v2.tif,238395719,7a795984b5589b4ff2e2f6d9198fb14ed15c85db77ff08a9224769c7ee10ef40,True
test/S2/EMSR264_18MIANDRIVAZODETAIL_DEL_v2.tif,25152518,3532b05fe3507fba2a6bc197471e4fb7d54f7bd243a4ecaa2e461b6ee4c32d4f,True
test/S2/EMSR273_01GRILE_DEL_MONIT04_v2.tif,8716426,6124e8765cbb3995a223bf39759c2fbcf43111d76a615330d2bb8dae056cf076,True
test/S2/EMSR286_08ITUANGONORTH_DEL_MONIT02_v1.tif,104062056,d443cafa4010a396b96c67775f6181611846b8c767a9b2ccc12f88bacd6b9851,True
test/S2/EMSR286_09ITUANGOSOUTH_DEL_MONIT02_v1.tif,105629951,b0244dcb87de10609e08e148d540a330ac2846d4ec61a6743a844439887a8860,True
test/S2/EMSR333_01RATTALORO_DEL_MONIT01_v1.tif,23539055,e17ca15be7847e0df84b9764d3d2f81e7c009a1fe6a6c60b376b0af685103557,True
test/S2/EMSR333_02PORTOPALO_DEL_MONIT01_v1.tif,27668303,a4b89e862e5083e7eafc2119777b631fba42922451320f2e232364757880657c,True
test/S2/EMSR342_06NORTHNORMANTON_DEL_v1.tif,354524442,f72f7c784e0ab077e20b203b3ef8da3f22a1f3c099ad72c9f846c7214faa13e2,True
test/S2/EMSR342_07SOUTHNORMANTON_DEL_MONIT03_v2.tif,339020492,471e47c7a43de6000ed000a956df46118682857c82c9cede0cbfbd254a86b17d,True
test/S2/EMSR347_06MWANZA_DEL_v1.tif,547237889,9fa9d487517205e6ace70df4fdc6934380475ea82f76d6b3b1a94fb9f5f2a4c7,True
test/S2/EMSR347_07ZOMBA_DEL_MONIT01_v1.tif,460101878,d86c7eda8830350cc5e1f47b26d8febb57a0537cb70f01e8afce4fa0189043e5,True
test/S2/EMSR347_07ZOMBA_DEL_v2.tif,323826382,5d2b2e89d6026e38373b718dc1818d7a4f38ef64f8bd77ca7aa55143d894d201,True
test/S2/EMSR419_AOI01_DEL_MONIT01.tif,55900389,de9b65ed20a71839f8e4735c86361b8298c75685b7268f290e143ffef99b2848,True
test/S2/EMSR422_AOI06_DEL_PRODUCT.tif,73592923,a2250929e73b21037d09f5e0af268cbaa5c06d22679e49609aaf2e3107a9603c,True
test/S2/EMSR438_AOI02_DEL_MONIT03.tif,260385978,c75cc205b3477f4dfcdb8c5642645d06b1e1fc816c7f6dbd8a1f52bfa62db807,True
test/S2/EMSR438_AOI06_DEL_PRODUCT.tif,18731881,f7e698b54ca812d60603a935a79ccdf5450c7bdf353f86d14678ef2c9a72a298,True
test/S2/EMSR466_AOI01_DEL_PRODUCT.tif,71869162,1f128e80b84c52c487fe7e62bcaa17987dd67d143eb3ea1ee862ecc9edd663ff,True
test/S2/EMSR9284_01YLITORNIONORTHERN_DEL_MONIT01_v1.tif,35322539,7eaa679f096161fc8279cd8be0e4d0dafcdae7e263a57720af6f2da6c6716709,True
test/floodmaps/EMSR264_08VATOMANDRY_DEL_v2.geojson,1979622,b150ac722084b88111b523ab5d853d61ac20ec29d542114d83f87ebe3a313aa1,True
test/floodmaps/EMSR264_18MIANDRIVAZODETAIL_DEL_v2.geojson,670129,3a450d0058dee0350f8c30a222e1ef685381d64b0bdd75e79b5447545b492389,True
test/floodmaps/EMSR273_01GRILE_DEL_MONIT04_v2.geojson,19130590,555e2a579b598dde9ca0e92a3d1a28f3462d42e658f6596003ee1c5f838d76ad,True
test/floodmaps/EMSR286_08ITUANGONORTH_DEL_MONIT02_v1.geojson,152078,3176ae82ba071c5a4c6b49de5ce11af75c8c1fe84d8ba4221ff33040e4dd220d,True
test/floodmaps/EMSR286_09ITUANGOSOUTH_DEL_MONIT02_v1.geojson,138004,5b95ca8a1b0573a3450b3c91d7ac0e3352d5e41a2de5d4916ca35ba4bed4de08,True
test/floodmaps/EMSR333_01RATTALORO_DEL_MONIT01_v1.geojson,39956,ffbdcebf07b898af4c715de0306c78c764ba1e894d9f8f4ad1e698e0e123428f,True
test/floodmaps/EMSR333_02PORTOPALO_DEL_MONIT01_v1.geojson,77634,ff8f6dd23b546c9f7d0a5d5e22e7e87cbac3b9a1e08a46e0b45c7715c834a603,True
test/floodmaps/EMSR342_06NORTHNORMANTON_DEL_v1.geojson,4853632,a11f79a16e6f04ec4722b1ea673bad7e5ef4be5149769eff8a7a9d6672bf9812,True
test/floodmaps/EMSR342_07SOUTHNORMANTON_DEL_MONIT03_v2.geojson,1336918,ef6a5708563f16d83a876c9491d8686af513192681c2d14f028b84afe696c603,True
test/floodmaps/EMSR347_06MWANZA_DEL_v1.geojson,9098041,9fac5569d055747c616d7bff8c0df3ca296817eea6b5bc5299d8415a4ffe1ed9,True
test/floodmaps/EMSR347_07ZOMBA_DEL_MONIT01_v1.geojson,8291095,47137cc47be9163fa13d311162cb000b5b259a7249ae9e87b57a7a6bd508ff72,True
test/floodmaps/EMSR347_07ZOMBA_DEL_v2.geojson,963768,9f3767f277edca1bc2cd599ac283dead6d9b5e9b07f9cd67ff86f96109c3513b,True
test/floodmaps/EMSR419_AOI01_DEL_MONIT01.geojson,737284,6f31304afde333bd37845ffb24c6a8534c8f61e0cd5928ecb1d60ec04f04fa51,True
test/floodmaps/EMSR422_AOI06_DEL_PRODUCT.geojson,110119,1186dab5e1e3a4d7d2a7d98a1df317d85cb7f026ad80b82fac376a82f191cfe1,True
test/floodmaps/EMSR438_AOI02_DEL_MONIT03.geojson,3193463,63d474848c3a2652baf36b5c4c9fb18584cd7e89ee2910ed8a49b0f30f6c0e91,True
test/floodmaps/EMSR438_AOI06_DEL_PRODUCT.geojson,68318,af579b26ab85b958c4871cd29765b2a88c195d39018819fe9d47899ff8c56940,True
test/floodmaps/EMSR466_AOI01_DEL_PRODUCT.geojson,30188490,ae62be483381e7884cadcd548509cfae3a8c57db81186d5bfec6c387419d2b06,True
test/floodmaps/EMSR9284_01YLITORNIONORTHERN_DEL_MONIT01_v1.geojson,277209,5ea5fd2220d8ddfb502d3897736b2f72eb1120ba98f1333fda8bdf6c467e6da2,True
test/gt/EMSR264_08VATOMANDRY_DEL_v2.tif,1065818,29f14c0f5af011c2a45f84a89cc8b2f49f789baaddb2b932540339b0218b653b,True
test/gt/EMSR264_18MIANDRIVAZODETAIL_DEL_v2.tif,85286,13d234b88d93aea3ebfc49cecdb9c485642c9cae29d1e0488a891c8fd5b72fa4,True
test/gt/EMSR273_01GRILE_DEL_MONIT04_v2.tif,21745,9dd3c1468b30208e8f215274e57970515a5f8d2bb3b52b50c60a38d4836c505c,True
test/gt/EMSR286_08ITUANGONORTH_DEL_MONIT02_v1.tif,472845,17106b3596ad2b43285ab82947fdac1d0ec90a176bc0538b8fc9389462418d07,True
test/gt/EMSR286_09ITUANGOSOUTH_DEL_MONIT02_v1.tif,546952,d5a705546d4b430f06835f51d25254d714a53283325e13e44811b31449ba30c3,True
test/gt/EMSR333_01RATTALORO_DEL_MONIT01_v1.tif,44817,1897b05d75b4e2c7bf0daaef58bbe100e09b8060881797fcc2a9cdfc2af0f0e8,True
test/gt/EMSR333_02PORTOPALO_DEL_MONIT01_v1.tif,61712,9910ac21417fc202f5fc7490dd77467ad868650fac9e2911ea5ce2cc56975abd,True
test/gt/EMSR342_06NORTHNORMANTON_DEL_v1.tif,1546887,08c578545822f51c22e86a134b8de5372b886391b95ab7fb2867a62837adefdf,True
test/gt/EMSR342_07SOUTHNORMANTON_DEL_MONIT03_v2.tif,549666,eff427ee9fcc8b5569dea1c2976fd8d7b2488fa8e3a2c880e56c275d9437aed5,True
test/gt/EMSR347_06MWANZA_DEL_v1.tif,1113564,2e7777d0983bd5fcecdce60f02e8b7dc88c9ef4699ecc2e1957e69019ecbed8a,True
test/gt/EMSR347_07ZOMBA_DEL_MONIT01_v1.tif,582853,87cc2e9d1ea514574de1b91ed2650eeb2626e2e57fa613c98311285fd27620cf,True
test/gt/EMSR347_07ZOMBA_DEL_v2.tif,231152,c5366bbf64d0e9dfa2718398480b228f68c2e032a1670dcfc1597e0649921c26,True
test/gt/EMSR419_AOI01_DEL_MONIT01.tif,80740,2776b37349f49b517c4be8e05984e3550549585a5271f1c6d8c1fb7958dadb4e,True
test/gt/EMSR422_AOI06_DEL_PRODUCT.tif,79611,29e16e574ae6aeb42af81b857a8301a929804d98e21bf065560a9ab4bb650abc,True
test/gt/EMSR438_AOI02_DEL_MONIT03.tif,356679,f841b6ee02afe8b3505dbd9233c1cbeaa89f4230b494200adaf453c9810dd93f,True
test/gt/EMSR438_AOI06_DEL_PRODUCT.tif,40371,7466b8a9483e8cbb95f6c10523159216cc2939611ce9d0860cdc99e0faff8782,True
test/gt/EMSR466_AOI01_DEL_PRODUCT.tif,148469,0d1024b24b906e2904a0d36737d659a6410cfefcb17b133655662bdcb4bde29f,True
test/gt/EMSR9284_01YLITORNIONORTHERN_DEL_MONIT01_v1.tif,75439,3edb31e79cf72dc5cde1864f14ec4404cc2c9bdc90c48351ccb8bb8b443d2b13,True
test/meta/EMSR264_08VATOMANDRY_DEL_v2.json,1982,e0300a4cd741b1efb7e8adc30fb421f8e8c2ed394adce88e204e92de79f427ae,True
test/meta/EMSR264_18MIANDRIVAZODETAIL_DEL_v2.json,2031,176a18eed2ccb12a20482a64020452e9e05352df00863fc0505bf16454cc5bd5,True
test/meta/EMSR273_01GRILE_DEL_MONIT04_v2.json,1996,ee82adccda98716eb497758de4194f04f31971d0df6bb04f1c3b355e43c61306,True
test/meta/EMSR286_08ITUANGONORTH_DEL_MONIT02_v1.json,2033,9ec91620c4591f208a77666a0e5a3fb8652079d5f6315e0b8577e1e3779af85c,True
test/meta/EMSR286_09ITUANGOSOUTH_DEL_MONIT02_v1.json,2033,2a08fac94edca95ed23328f21e17c75489a937157b37efd0bb8588162780aff7,True
test/meta/EMSR333_01RATTALORO_DEL_MONIT01_v1.json,2028,15abbe236234c14aac0ef399cd6fd1c78b7e4a8f8cd71049ebe497801da65f01,True
test/meta/EMSR333_02PORTOPALO_DEL_MONIT01_v1.json,2027,efe047defb7af91f7bd73314fc0f03b7f879a25b291ce26e6126cc6b95a6cdbe,True
test/meta/EMSR342_06NORTHNORMANTON_DEL_v1.json,2018,b3bc4dfba03bb856a06ef813de185fd8d1a43940f929407ee130f58e228ab0e3,True
test/meta/EMSR342_07SOUTHNORMANTON_DEL_MONIT03_v2.json,2062,43d06c1c5b7beffa4760c4fba181cd82460ab2193fb14a23cc9cf0a344fc5082,True
test/meta/EMSR347_06MWANZA_DEL_v1.json,1893,df94dcfea79ecef66cf1d73ebc69bbeae8e98749a3e83cfc708f15ff3aad7e4c,True
test/meta/EMSR347_07ZOMBA_DEL_MONIT01_v1.json,2031,ce6e2b8ffaf101cd9337fa3e8810fe602b7c8b75c1f61cfae270554971ed1280,True
test/meta/EMSR347_07ZOMBA_DEL_v2.json,1959,46704f7e3461a5736c1eed02565bee99a90651ae95dca62325f0e977dd6c7c5a,True
test/meta/EMSR419_AOI01_DEL_MONIT01.json,1916,51645675ce4489a71c0f07b025d278306aeb53c55e05f9982dafc65a903bdccb,True
test/meta/EMSR422_AOI06_DEL_PRODUCT.json,2902,bc4a16787adbc1e835e66f6b6337c9b110db3f15ebbbc804dee6052d8350b1c8,True
test/meta/EMSR438_AOI02_DEL_MONIT03.json,45461,40182b8dfd50ab51beccf00ecbfd19a719b26b6cb004e4a003eb4aa9771b13a2,True
test/meta/EMSR438_AOI06_DEL_PRODUCT.json,2485,df7e69641b1f270936e30b54056f196c3593ac028e6ac63008e6a7fe99b81d80,True
test/meta/EMSR466_AOI01_DEL_PRODUCT.json,2053,5342fce751d8b5ad3fe7208e82ba9803ac1c0deffdcf594c5016ecb004d28e2e,True
test/meta/EMSR9284_01YLITORNIONORTHERN_DEL_MONIT01_v1.json,2075,b4a1f41fff934c82eff776bba47caa6539c10b26e963ef1f8a59c9c78393d15d,True
