map_id,event,aoi,ref_satellite,ref_datetime,s2_datetime,lat,lon,country_main,labeled_share_by_country,country_ems,training_countries_in_scene,frac_labeled_in_training_country,labeled_pixels,clear_labeled_pixels,cloud_frac,same_date,ref_is_s2,c1_country,c2_aligned,c3_cloud,core,full_set,exclusion_reason
EMSR264_08VATOMANDRY_DEL_v2,EMSR264,08VATOMANDRY,Sentinel-1,2018-01-07T02:11:16+00:00,2018-01-16T07:02:27.460000+00:00,-19.387345,48.910803,Madagascar,Madagascar:0.6129,NaN,,0.000000,14318493,12642870,0.333292,False,False,True,False,False,False,False,C2 reference not same-day Sentinel-2; C3 cloud
EMSR264_18MIANDRIVAZODETAIL_DEL_v2,EMSR264,18MIANDRIVAZODETAIL,RADARSAT-2,2018-01-12T15:31:54+00:00,2018-01-19T07:12:09.460000+00:00,-19.555795,45.429784,Madagascar,Madagascar:1.0000,NaN,,0.000000,1870161,1870161,0.064814,False,False,True,False,True,False,True,C2 reference not same-day Sentinel-2
EMSR273_01GRILE_DEL_MONIT04_v2,EMSR273,01GRILE,COSMO-SkyMed,2018-03-22T16:20:04+00:00,2018-03-28T09:30:32.460000+00:00,42.138230,19.478713,Albania,Albania:1.0000,NaN,,0.000000,763044,763044,0.000000,False,False,True,False,True,False,True,C2 reference not same-day Sentinel-2
EMSR286_08ITUANGONORTH_DEL_MONIT02_v1,EMSR286,08ITUANGONORTH,Sentinel-2,2018-05-22T15:36:21+00:00,2018-05-22T15:36:21.460000+00:00,7.039714,-75.766483,Colombia,Colombia:1.0000,NaN,,0.000000,6103528,5320889,0.367959,True,True,True,True,False,False,False,C3 cloud
EMSR286_09ITUANGOSOUTH_DEL_MONIT02_v1,EMSR286,09ITUANGOSOUTH,Sentinel-2,2018-05-22T15:36:21+00:00,2018-05-22T15:36:21.460000+00:00,6.767799,-75.857796,Colombia,Colombia:1.0000,NaN,,0.000000,6263193,5537608,0.342242,True,True,True,True,False,False,False,C3 cloud
EMSR333_01RATTALORO_DEL_MONIT01_v1,EMSR333,01RATTALORO,Sentinel-2,2018-11-04T09:51:59+00:00,2018-11-04T09:52:33.150000+00:00,37.885643,12.536953,Italy,Italy:0.8885,NaN,,0.000000,1716224,1716224,0.069981,True,True,True,True,True,True,True,
EMSR333_02PORTOPALO_DEL_MONIT01_v1,EMSR333,02PORTOPALO,Sentinel-2,2018-11-04T09:51:59+00:00,2018-11-04T09:52:33.150000+00:00,37.634268,12.932978,Italy,Italy:0.9825,NaN,,0.000000,1640160,1640160,0.229867,True,True,True,True,True,True,True,
EMSR342_06NORTHNORMANTON_DEL_v1,EMSR342,06NORTHNORMANTON,Sentinel-2,2019-02-09T00:47:00+00:00,2019-02-09T00:51:56.500000+00:00,-17.700492,140.925582,Australia,Australia:0.9812,NaN,,0.000000,24930724,21534326,0.297476,True,True,True,True,True,True,True,
EMSR342_07SOUTHNORMANTON_DEL_MONIT03_v2,EMSR342,07SOUTHNORMANTON,SPOT-6-7,2019-02-16T00:41:00+00:00,2019-02-19T00:52:03.500000+00:00,-18.211259,140.923899,Australia,Australia:1.0000,NaN,,0.000000,30065408,29926504,0.010393,False,False,True,False,True,False,True,C2 reference not same-day Sentinel-2
EMSR347_06MWANZA_DEL_v1,EMSR347,06MWANZA,Sentinel-2,2019-03-10T07:37:00+00:00,2019-03-10T08:04:11.500000+00:00,-15.522855,34.703781,Malawi,Malawi:0.8756|Mozambique:0.1244,NaN,,0.000000,44432147,43629992,0.049380,True,True,True,True,True,True,True,
EMSR347_07ZOMBA_DEL_MONIT01_v1,EMSR347,07ZOMBA,Sentinel-2,2019-03-12T07:30:00+00:00,2019-03-12T07:54:16.500000+00:00,-15.522923,35.398690,Malawi,Malawi:1.0000,NaN,,0.000000,10049839,10049839,0.306229,True,True,True,True,False,False,False,C3 cloud
EMSR347_07ZOMBA_DEL_v2,EMSR347,07ZOMBA,Sentinel-2,2019-03-10T07:37:00+00:00,2019-03-10T08:04:09.500000+00:00,-15.522923,35.398690,Malawi,Malawi:1.0000,NaN,,0.000000,923725,923725,0.000000,True,True,True,True,True,True,True,
EMSR419_AOI01_DEL_MONIT01,EMSR419,AOI01,Landsat-8,2020-01-13T06:33:00+00:00,2020-01-16T06:52:18.251000+00:00,25.721567,57.820912,Iran,Iran:0.6861,NaN,,0.000000,3814222,3814222,0.000000,False,False,True,False,True,False,True,C2 reference not same-day Sentinel-2
EMSR422_AOI06_DEL_PRODUCT,EMSR422,AOI06,Pleiades-1A-1B,2020-01-26T10:50:03+00:00,2020-01-26T11:00:00.209500+00:00,39.801343,-0.102668,Spain,Spain:0.1983,NaN,Spain,0.198311,1084873,1082676,0.002173,True,False,False,False,True,False,False,C1 training country; C2 reference not same-day Sentinel-2
EMSR438_AOI02_DEL_MONIT03,EMSR438,AOI02,Sentinel-1,2020-05-08T16:05:02+00:00,2020-05-14T08:20:07.964000+00:00,0.160544,32.585399,Uganda,Uganda:1.0000,NaN,,0.000000,11757799,11618098,0.020095,False,False,True,False,True,False,True,C2 reference not same-day Sentinel-2
EMSR438_AOI06_DEL_PRODUCT,EMSR438,AOI06,Sentinel-2,2020-05-06T07:46:21+00:00,2020-05-06T08:10:43.297000+00:00,-1.819206,33.481792,United Republic of Tanzania,United Republic of Tanzania:1.0000,NaN,,0.000000,849401,835850,0.041096,True,True,True,True,True,True,True,
EMSR466_AOI01_DEL_PRODUCT,EMSR466,AOI01,Sentinel-2,2020-09-27T10:00:29+00:00,2020-09-27T10:17:02.065500+00:00,13.647230,6.218218,Nigeria,Nigeria:0.6280|Niger:0.3720,NaN,Nigeria,0.627990,3460998,3433230,0.027238,True,True,False,True,True,False,False,C1 training country
EMSR9284_01YLITORNIONORTHERN_DEL_MONIT01_v1,EMSR9284,01YLITORNIONORTHERN,COSMO-SkyMed,2018-05-18T03:21:00+00:00,2018-05-19T10:11:16.970000+00:00,66.418951,23.752589,Finland,Finland:0.7103|Sweden:0.2897,NaN,,0.000000,3078064,3078041,0.000007,False,False,True,False,True,False,True,C2 reference not same-day Sentinel-2
